<?xml version='1.0' encoding='utf-8' standalone='yes' ?>
<map>
    <string name="app_settings_json">{&quot;status&quot;:1,&quot;app_id&quot;:&quot;ca-app-pub-9899283946744960~1137291111&quot;,&quot;signal_adapters&quot;:[],&quot;cache_ttl_sec&quot;:259200,&quot;common_settings&quot;:{&quot;loeid&quot;:[44766145,&quot;318502621&quot;],&quot;app_id&quot;:&quot;ca-app-pub-9899283946744960~1137291111&quot;,&quot;eoid_opt_in&quot;:true},&quot;initializer_settings&quot;:{&quot;config&quot;:{}}}</string>
    <long name="app_settings_last_update_ms" value="1760286088625" />
    <int name="version_code" value="364" />
    <int name="request_in_session_count" value="9" />
    <boolean name="gad_idless" value="false" />
    <long name="first_ad_req_time_ms" value="1760286086658" />
    <long name="app_last_background_time_ms" value="1760286459059" />
</map>
