<?xml version='1.0' encoding='utf-8' standalone='yes' ?>
<map>
    <long name="first_open_time" value="1759408189138" />
    <string name="gmp_app_id">1:800795916999:android:deb9c2753c590dc4</string>
    <string name="app_instance_id">5ac1659c41e45ed606e601887fc30040</string>
    <long name="session_id" value="1759408189" />
    <boolean name="app_backgrounded" value="true" />
    <long name="health_monitor:start" value="1759408189606" />
    <boolean name="use_service" value="true" />
    <boolean name="deferred_analytics_collection" value="false" />
    <string name="previous_os_version">15</string>
    <boolean name="has_been_opened" value="true" />
    <boolean name="allow_remote_dynamite" value="true" />
    <long name="last_pause_time" value="1759410726237" />
    <boolean name="start_new_session" value="false" />
</map>
