<?xml version='1.0' encoding='utf-8' standalone='yes' ?>
<map>
    <boolean name="limit-tracking" value="false" />
    <string name="advid">aad55cd2-c024-4949-8a73-403637f82fb4</string>
    <string name="subscriberId_key">3177481122</string>
    <string name="userAgent">{&quot;user_agent&quot;:&quot;Mozilla\/5.0 (Linux; Android 15; RMX5003 Build\/UKQ1.231108.001; wv) AppleWebKit\/537.36 (KHTML, like Gecko) Version\/4.0 Chrome\/140.0.7339.207 Mobile Safari\/537.36&quot;,&quot;saveTime&quot;:1759408189816}</string>
    <string name="localStore">{}</string>
</map>
