<?xml version='1.0' encoding='utf-8' standalone='yes' ?>
<map>
    <string name="userLangPref">1,6,</string>
    <boolean name="pref_volume" value="true" />
    <string name="phoneNumber">9335435019</string>
    <boolean name="first_time_navigation_open" value="true" />
    <int name="MEDIA_SELECTION_INDEX" value="-1" />
    <boolean name="first_time_video_open" value="true" />
    <int name="MEDIA_GROUP_INDEX" value="-1" />
    <boolean name="MAP_KEY_SESSION" value="true" />
    <string name="fcmtoken">cWgnyt9BSL6GZTBerpmccQ:APA91bEqPMJuPNSN_DIhM4kTRD1VGSAL3VrYSI24PDTAdyII7-r3Wq3fi25om_ir9_03IlDTGk2IyLstFX8UDhHq8qqEZTg45SUXIOr2KzYxlph0cKwpiLM</string>
    <boolean name="program_detail_already" value="true" />
    <string name="COUPON_DATA"></string>
</map>
