<?xml version='1.0' encoding='utf-8' standalone='yes' ?>
<map>
    <string name="userLangPref">1,6,</string>
    <boolean name="pref_volume" value="true" />
    <string name="phoneNumber">9335435019</string>
    <boolean name="first_time_navigation_open" value="true" />
    <int name="MEDIA_SELECTION_INDEX" value="-1" />
    <boolean name="first_time_video_open" value="true" />
    <int name="MEDIA_GROUP_INDEX" value="-1" />
    <boolean name="MAP_KEY_SESSION" value="true" />
    <string name="fcmtoken">d70wLuaPSDmlocSnn-1QGJ:APA91bGH0Y4Os5IdRBbXy7gBCWJIY8Kkq4A2wJsqLuVAlnEmeB7sKwSzrRrJtUmsDn-aR-7_pgqg5ZBku6rBn4Mb_wUytUseaqA6px-0F_G4zC3qh1HGWDw</string>
    <boolean name="EXPIRE_ALL_USERS_API_CALL_COMPLETE" value="true" />
    <boolean name="program_detail_already" value="true" />
    <string name="COUPON_DATA"></string>
</map>
