<?xml version='1.0' encoding='utf-8' standalone='yes' ?>
<map>
    <string name="userLangPref">1,6,</string>
    <boolean name="pref_volume" value="true" />
    <string name="phoneNumber">9335435019</string>
    <boolean name="first_time_navigation_open" value="true" />
    <int name="MEDIA_SELECTION_INDEX" value="-1" />
    <boolean name="first_time_video_open" value="true" />
    <int name="MEDIA_GROUP_INDEX" value="-1" />
    <boolean name="MAP_KEY_SESSION" value="true" />
    <string name="fcmtoken">e_fnZTuNRU27Fel996rTPF:APA91bExkTmnWWRB1OUIHAQIdUXbVWvAp2y0Dk4re1mSGBXVf_JdkYeNP0WgxB_hly_LeMgnhRDu3nlILiItQ93gvVxjmFiE5Y1N5kG4GEByoREK_bn5iIw</string>
    <boolean name="program_detail_already" value="true" />
    <string name="COUPON_DATA"></string>
</map>
