<?xml version='1.0' encoding='utf-8' standalone='yes' ?>
<map>
    <string name="userLangPref">1,6,1</string>
    <string name="contentLangIP">Hindi</string>
    <boolean name="pref_volume" value="true" />
    <boolean name="first_time_navigation_open" value="true" />
    <string name="phoneNumber">6289975934</string>
    <boolean name="is_already_logged_in" value="false" />
    <int name="MEDIA_SELECTION_INDEX" value="-1" />
    <boolean name="first_time_video_open" value="true" />
    <int name="MEDIA_GROUP_INDEX" value="-1" />
    <boolean name="MAP_KEY_SESSION" value="true" />
    <string name="fcmtoken">cnliNr5VTXC4kqu0W9Ot-y:APA91bE3eu6kvIwtq4PzL4R3s0-iBNauKBCmSdFY3nWwkwtzaKclQ2v8aJtCosLcMyLH8wJVOUsP4bQ-Ic-BkMea-P-WRlRqLaRNjdFL9lvriaADvDADD7A</string>
    <boolean name="program_detail_already" value="true" />
    <string name="COUPON_DATA"></string>
</map>
