<?xml version='1.0' encoding='utf-8' standalone='yes' ?>
<map>
    <string name="userLangPref">1,6,</string>
    <boolean name="pref_volume" value="true" />
    <string name="phoneNumber">6289975934</string>
    <boolean name="first_time_navigation_open" value="true" />
    <int name="MEDIA_SELECTION_INDEX" value="-1" />
    <boolean name="first_time_video_open" value="true" />
    <int name="MEDIA_GROUP_INDEX" value="-1" />
    <boolean name="MAP_KEY_SESSION" value="true" />
    <string name="fcmtoken">dr4ajAucQKSB0RUKNyG6iG:APA91bF-SAq4iPo3a2PLROQFBChLrP-SUAyp-HysD70bWVym7R9MSJpVkWUERFQUFzMSboFJtgiqGua2SWh-P-8okIgsCNuhJahoWU9PPG1yyRl4BfEBQp0</string>
    <boolean name="EXPIRE_ALL_USERS_API_CALL_COMPLETE" value="true" />
    <boolean name="program_detail_already" value="true" />
    <string name="COUPON_DATA"></string>
</map>
