<?xml version='1.0' encoding='utf-8' standalone='yes' ?>
<map>
    <long name="app_launch_counter" value="1" />
    <string name="device_id_new">N0ZOZ%2Brbbl2dmVLATIbqh1yJnienvB1gnXph5GTxFn8%3D</string>
    <long name="lastActiveTime" value="1759410546045" />
    <string name="user_type">free</string>
    <int name="app_version" value="4000185" />
    <string name="session_referrer"></string>
    <int name="expiration_time" value="0" />
    <string name="advertising_id">aad55cd2-c024-4949-8a73-403637f82fb4</string>
    <string name="display_sdk_language">english</string>
    <string name="sessionid">N0ZOZ%2Brbbl2dmVLATIbqh1yJnienvB1gnXph5GTxFn8%3D.1759410543</string>
    <int name="user_state" value="1" />
</map>
