<?xml version='1.0' encoding='utf-8' standalone='yes' ?>
<map>
    <int name="d_ts" value="1765139796" />
    <int name="dh" value="948608017" />
    <int name="hgt" value="4" />
    <string name="av">7.1.6</string>
    <int name="v" value="2" />
    <int name="wdt" value="2" />
    <string name="j_n">ZG9heAsABA1v</string>
    <string name="i_n">ZmtgfQQDAAFiYw==</string>
    <int name="r_ts" value="1765139797" />
    <string name="id">877-958-874Z</string>
    <string name="k_n">DHgxeXRFUFkRbzN4ATIwE3hKUGNiNDMPHm9wFg==</string>
    <string name="j_s">{}</string>
</map>
