<?xml version='1.0' encoding='utf-8' standalone='yes' ?>
<map>
    <string name="cachedGUIDsKey:877-958-874Z">{&quot;Identity_bmFzaGltYWhtYWRfOTc=&quot;:&quot;__3dc45a021b104794bb1f6ae89089040b&quot;}</string>
    <string name="deviceId:877-958-874Z">__3dc45a021b104794bb1f6ae89089040b</string>
    <int name="istmcd_inapp:__3dc45a021b104794bb1f6ae89089040b:877-958-874Z" value="10" />
    <int name="sexe:877-958-874Z" value="1760286458" />
    <int name="istc_inapp:__3dc45a021b104794bb1f6ae89089040b:877-958-874Z" value="0" />
    <boolean name="NetworkInfo:877-958-874Z" value="true" />
    <int name="lastSessionId:877-958-874Z" value="1760286443" />
    <string name="fcm_token:877-958-874Z">cWgnyt9BSL6GZTBerpmccQ:APA91bEqPMJuPNSN_DIhM4kTRD1VGSAL3VrYSI24PDTAdyII7-r3Wq3fi25om_ir9_03IlDTGk2IyLstFX8UDhHq8qqEZTg45SUXIOr2KzYxlph0cKwpiLM</string>
    <string name="instance:877-958-874Z">{&quot;accountId&quot;:&quot;877-958-874Z&quot;,&quot;accountToken&quot;:&quot;b5c-aab&quot;,&quot;accountRegion&quot;:&quot;in1&quot;,&quot;analyticsOnly&quot;:false,&quot;isDefaultInstance&quot;:true,&quot;useGoogleAdId&quot;:false,&quot;disableAppLaunchedEvent&quot;:false,&quot;personalization&quot;:true,&quot;debugLevel&quot;:0,&quot;createdPostAppLaunch&quot;:false,&quot;sslPinning&quot;:false,&quot;backgroundSync&quot;:true,&quot;getEnableCustomCleverTapId&quot;:false,&quot;beta&quot;:false,&quot;allowedPushTypes&quot;:[&quot;FCM&quot;,&quot;XPS&quot;,&quot;HPS&quot;,&quot;BPS&quot;,&quot;ADM&quot;],&quot;encryptionLevel&quot;:0}</string>
    <string name="ict_date:__3dc45a021b104794bb1f6ae89089040b:877-958-874Z">12102025</string>
    <int name="pfjobid" value="-1363249781" />
    <string name="SP_KEY_PROFILE_IDENTITIES:877-958-874Z">Email,Identity</string>
    <int name="comms_first_ts:877-958-874Z" value="1760286084" />
    <int name="imc:__3dc45a021b104794bb1f6ae89089040b:877-958-874Z" value="1" />
    <int name="comms_last_ts:877-958-874Z" value="1760286456" />
    <long name="last_assets_cleanup" value="1760286084569" />
</map>
