<?xml version='1.0' encoding='utf-8' standalone='yes' ?>
<map>
    <int name="istmcd_inapp:__73a9662daa6e40539943f9340d213f2e:877-958-874Z" value="10" />
    <string name="cachedGUIDsKey:877-958-874Z">{&quot;Identity_bWRqYXZlZDYzMjc=&quot;:&quot;__73a9662daa6e40539943f9340d213f2e&quot;}</string>
    <string name="deviceId:877-958-874Z">__73a9662daa6e40539943f9340d213f2e</string>
    <int name="sexe:877-958-874Z" value="1759410726" />
    <boolean name="NetworkInfo:877-958-874Z" value="true" />
    <int name="lastSessionId:877-958-874Z" value="1759410223" />
    <string name="fcm_token:877-958-874Z">dr4ajAucQKSB0RUKNyG6iG:APA91bF-SAq4iPo3a2PLROQFBChLrP-SUAyp-HysD70bWVym7R9MSJpVkWUERFQUFzMSboFJtgiqGua2SWh-P-8okIgsCNuhJahoWU9PPG1yyRl4BfEBQp0</string>
    <string name="instance:877-958-874Z">{&quot;accountId&quot;:&quot;877-958-874Z&quot;,&quot;accountToken&quot;:&quot;b5c-aab&quot;,&quot;accountRegion&quot;:&quot;in1&quot;,&quot;analyticsOnly&quot;:false,&quot;isDefaultInstance&quot;:true,&quot;useGoogleAdId&quot;:false,&quot;disableAppLaunchedEvent&quot;:false,&quot;personalization&quot;:true,&quot;debugLevel&quot;:0,&quot;createdPostAppLaunch&quot;:false,&quot;sslPinning&quot;:false,&quot;backgroundSync&quot;:true,&quot;getEnableCustomCleverTapId&quot;:false,&quot;beta&quot;:false,&quot;allowedPushTypes&quot;:[&quot;FCM&quot;,&quot;XPS&quot;,&quot;HPS&quot;,&quot;BPS&quot;,&quot;ADM&quot;],&quot;encryptionLevel&quot;:0}</string>
    <int name="istc_inapp:__73a9662daa6e40539943f9340d213f2e:877-958-874Z" value="0" />
    <string name="ict_date:__73a9662daa6e40539943f9340d213f2e:877-958-874Z">02102025</string>
    <int name="pfjobid" value="-1363249781" />
    <string name="SP_KEY_PROFILE_IDENTITIES:877-958-874Z">Email,Identity</string>
    <int name="comms_first_ts:877-958-874Z" value="1759408193" />
    <int name="imc:__73a9662daa6e40539943f9340d213f2e:877-958-874Z" value="1" />
    <int name="comms_last_ts:877-958-874Z" value="1759410727" />
    <long name="last_assets_cleanup" value="1759408193784" />
</map>
