<?xml version='1.0' encoding='utf-8' standalone='yes' ?>
<map>
    <string name="deviceId:877-958-874Z">__1e00250c258243a9b4c47700c1be52fd</string>
    <int name="istmcd_inapp:__3dc45a021b104794bb1f6ae89089040b:877-958-874Z" value="10" />
    <int name="sexe:877-958-874Z" value="1765139827" />
    <int name="istc_inapp:__3dc45a021b104794bb1f6ae89089040b:877-958-874Z" value="1" />
    <boolean name="NetworkInfo:877-958-874Z" value="true" />
    <string name="ict_date:__1e00250c258243a9b4c47700c1be52fd:877-958-874Z">08122025</string>
    <string name="ict_date:__a2e3f68c90c441b586bbcc127aa9dcbb:877-958-874Z">08122025</string>
    <string name="ict_date:__3dc45a021b104794bb1f6ae89089040b:877-958-874Z">25112025</string>
    <string name="SP_KEY_PROFILE_IDENTITIES:877-958-874Z">Email,Identity</string>
    <int name="imc:__a2e3f68c90c441b586bbcc127aa9dcbb:877-958-874Z" value="1" />
    <int name="imc:__3dc45a021b104794bb1f6ae89089040b:877-958-874Z" value="1" />
    <int name="comms_last_ts:877-958-874Z" value="1765139826" />
    <string name="variablesKey:877-958-874Z">{}</string>
    <int name="imc:__1e00250c258243a9b4c47700c1be52fd:877-958-874Z" value="1" />
    <string name="cachedGUIDsKey:877-958-874Z">{&quot;Identity_bmFzaGltYWhtYWRfOTc=&quot;:&quot;__3dc45a021b104794bb1f6ae89089040b&quot;,&quot;Identity_c2FuamF5a3VhbXJzaW5naDI5&quot;:&quot;__a2e3f68c90c441b586bbcc127aa9dcbb&quot;,&quot;Identity_bWRqYXZlZDYzMjc=&quot;:&quot;__1e00250c258243a9b4c47700c1be52fd&quot;}</string>
    <int name="istmcd_inapp:__1e00250c258243a9b4c47700c1be52fd:877-958-874Z" value="10" />
    <int name="istmcd_inapp:__a2e3f68c90c441b586bbcc127aa9dcbb:877-958-874Z" value="10" />
    <int name="istc_inapp:__1e00250c258243a9b4c47700c1be52fd:877-958-874Z" value="0" />
    <int name="lastSessionId:877-958-874Z" value="1765139818" />
    <string name="fcm_token:877-958-874Z">cnliNr5VTXC4kqu0W9Ot-y:APA91bE3eu6kvIwtq4PzL4R3s0-iBNauKBCmSdFY3nWwkwtzaKclQ2v8aJtCosLcMyLH8wJVOUsP4bQ-Ic-BkMea-P-WRlRqLaRNjdFL9lvriaADvDADD7A</string>
    <string name="instance:877-958-874Z">{&quot;accountId&quot;:&quot;877-958-874Z&quot;,&quot;accountToken&quot;:&quot;b5c-aab&quot;,&quot;accountRegion&quot;:&quot;in1&quot;,&quot;analyticsOnly&quot;:false,&quot;isDefaultInstance&quot;:true,&quot;useGoogleAdId&quot;:false,&quot;disableAppLaunchedEvent&quot;:false,&quot;personalization&quot;:true,&quot;debugLevel&quot;:0,&quot;createdPostAppLaunch&quot;:false,&quot;sslPinning&quot;:false,&quot;backgroundSync&quot;:true,&quot;getEnableCustomCleverTapId&quot;:false,&quot;beta&quot;:false,&quot;allowedPushTypes&quot;:[&quot;FCM&quot;,&quot;XPS&quot;,&quot;HPS&quot;,&quot;BPS&quot;,&quot;ADM&quot;],&quot;encryptionLevel&quot;:0}</string>
    <int name="pfjobid" value="-1363249781" />
    <int name="comms_first_ts:877-958-874Z" value="1765139797" />
    <int name="istc_inapp:__a2e3f68c90c441b586bbcc127aa9dcbb:877-958-874Z" value="1" />
    <long name="last_assets_cleanup" value="1764356264687" />
</map>
