<?xml version='1.0' encoding='utf-8' standalone='yes' ?>
<map>
    <int name="d_ts" value="1764082321" />
    <int name="dh" value="233778921" />
    <int name="hgt" value="4" />
    <string name="av">7.1.6</string>
    <int name="v" value="2" />
    <int name="wdt" value="2" />
    <string name="j_n">b2tneQEFBg1j</string>
    <string name="i_n">ZmtjcgUBAwNjbQ==</string>
    <int name="r_ts" value="1764082322" />
    <string name="id">877-958-874Z</string>
    <string name="j_s">{}</string>
</map>
